id,Price
1,50967.13
2,63694.32
3,23141.32
4,2805.21
5,5823.78
6,6513.55
7,4142.65
8,13936.19
9,4592.83
10,16821.79
11,4278.47
12,4824.37
13,4372.9
14,52664.06
15,39914.68
16,53163.91
17,55385.98
18,6463.08
19,67238.76
20,7228.286
21,7488.31
22,65943.2
23,45453.58
24,5825.1
25,5210.86
26,4573.99
27,6130.34
28,5740.01
29,3863.29
30,6646.85
31,4869.34
32,67452.77
33,60338.89
34,52594.81
35,8681.84
36,5873.02
37,5155.67
38,45855.67
39,5809.47
40,2334.98
41,9386.67
42,79454.4
43,5339.55
44,3425.83
45,13602.05
46,2780.38
47,5836.15
48,11648.44
49,68185.42
50,6304.8
51,5486.15
52,2954.89
53,6540.3
54,4003.88
55,6978.24
56,2822.43
57,4204.35
58,40000.49
59,3238.75
60,65551.57
61,11472.98
62,45064.84
63,6663.43
64,10648.53
65,56133.3
66,57981.26
67,45387.66
68,11661.93
69,51305.57
70,45238.19
71,5581.18
72,6286.73
73,10726.75
74,7186.14
75,11646.46
76,6415.34
77,6170.52
78,3522.6
79,64953.08
80,11423.43
81,5073.74
82,6620.3
83,7104.48
84,6356.16
85,34169.14
86,59643.91
87,4917.0
88,12922.93
89,60351.87
90,4425.36
91,4580.16
92,62133.22
93,57366.76
94,85059.93
95,43936.84
96,5472.96
97,6218.38
98,13586.69
99,6459.29
100,67694.92
101,4987.35
102,7896.26
103,6809.89
104,2617.08
105,4441.57
106,7120.92
107,53804.01
108,55194.6
109,41979.4
110,2415.39
111,46343.0
112,52763.43
113,9661.08
114,2993.66
115,3534.68
116,3308.34
117,5773.64
118,3173.36
119,6027.58
120,12170.53
121,58909.22
122,14028.64
123,6081.28
124,45693.0
125,5876.36
126,6684.62
127,6653.49
128,11790.7
129,65606.29
130,3226.93
131,6423.05
132,57025.57
133,5546.85
134,6044.51
135,4078.93
136,46804.85
137,4731.25
138,7339.7
139,4008.42
140,4727.2
141,3428.47
142,51716.0
143,8115.81
144,1712.9
145,54608.0
146,3007.09
147,6557.83
148,11420.29
149,3977.01
150,4559.77
151,8275.03
152,64721.8
153,7223.8
154,6858.53
155,61460.18
156,6330.17
157,6408.69
158,5040.91
159,6270.08
160,4748.0
161,55550.52
162,6915.07
163,67868.56
164,7392.17
165,59817.66
166,34590.91
167,59167.45
168,4848.36
169,10715.19
170,50745.3
171,1912.69
172,6805.19
173,52866.46
174,55753.27
175,5007.29
176,67375.97
177,3855.85
178,4383.82
179,5690.95
180,72202.69
181,28404.27
182,7443.89
183,12414.3
184,6524.29
185,24825.49
186,7814.25
187,8310.12
188,53313.86
189,13524.81
190,7303.55
191,58288.82
192,3107.12
193,56252.74
194,5829.17
195,5463.74
196,6057.74
197,2386.94
198,16201.26
199,11589.12
200,63887.63
201,68491.34
202,12510.32
203,4376.99
204,7512.31
205,61719.92
206,61333.96
207,4199.47
208,45279.88
209,50369.84
210,8647.33
211,59599.49
212,41692.81
213,4373.85
214,4824.34
215,7073.32
216,49881.58
217,5008.16
218,29947.15
219,6948.93
220,3374.46
221,4007.59
222,4302.04
223,22165.32
224,53909.08
225,51599.14
226,12188.91
227,6763.35
228,9855.82
229,5017.48
230,60632.65
231,4643.35
232,5964.39
233,13908.11
234,11236.77
235,3703.77
236,5581.55
237,2726.57
238,3961.45
239,2410.17
240,8262.5
241,62217.91
242,51551.94
243,3703.88
244,59721.02
245,9197.37
246,49613.0
247,53806.37
248,5227.97
249,4931.2
250,69322.71
251,7829.15
252,5272.27
253,52719.71
254,11149.73
255,6193.3
256,68748.06
257,4640.58
258,2177.57
259,4754.49
260,54952.79
261,3514.9
262,5713.41
263,54583.63
264,4003.21
265,7115.85
266,1610.73
267,40268.72
268,49167.34
269,46785.49
270,8323.81
271,6592.14
272,7604.61
273,51818.82
274,31655.86
275,2329.12
276,7705.81
277,28412.14
278,7103.74
279,32851.94
280,5991.36
281,38394.94
282,5693.4
283,5804.26
284,6555.27
285,50019.12
286,7005.83
287,38423.8
288,4792.08
289,60179.0
290,1774.86
291,1601.98
292,6669.4
293,8517.05
294,6106.01
295,4968.28
296,3760.01
297,54913.95
298,14159.44
299,8131.37
300,5585.3
301,61920.49
302,2616.45
303,7078.45
304,11040.58
305,53638.15
306,6442.45
307,53498.33
308,5252.72
309,53470.06
310,15368.08
311,5102.95
312,53783.5
313,4325.59
314,2499.66
315,4009.17
316,32990.78
317,4293.68
318,5183.3
319,9002.14
320,4338.71
321,4347.11
322,60970.82
323,5804.03
324,3413.55
325,6283.46
326,8847.43
327,6123.86
328,4798.91
329,5799.77
330,3527.51
331,10587.42
332,7948.36
333,64223.87
334,5361.84
335,6869.61
336,11855.34
337,4376.66
338,22179.64
339,13478.16
340,45311.35
341,45839.16
342,49839.11
343,4348.92
344,5882.21
345,12826.82
346,76884.5
347,3285.24
348,3375.49
349,5958.56
350,11542.81
351,4453.54
352,5949.0
353,4890.17
354,4684.99
355,4407.59
356,68051.39
357,52094.69
358,4756.0
359,4544.47
360,51149.44
361,58594.27
362,5954.3
363,51365.59
364,2474.31
365,65429.56
366,29141.53
367,3815.14
368,3877.0
369,6754.59
370,6196.74
371,6133.95
372,4052.89
373,5965.8
374,5955.85
375,12198.26
376,49613.0
377,5600.04
378,52553.68
379,5229.66
380,2124.0
381,63563.04
382,6700.3
383,6562.65
384,4277.55
385,6148.93
386,65938.14
387,62847.11
388,4488.85
389,51311.99
390,60461.11
391,61986.31
392,68650.05
393,6169.8
394,55374.6
395,71598.94
396,55739.49
397,56369.22
398,4427.58
399,6953.89
400,3107.56
401,7162.47
402,6271.9
403,11528.38
404,57902.85
405,58259.62
406,4134.25
407,5574.68
408,66309.56
409,5787.58
410,4055.0
411,6337.28
412,53472.81
413,5957.9
414,5903.31
415,4597.9
416,2482.91
417,28823.12
418,4992.37
419,54666.92
420,11374.8
421,4505.46
422,4896.62
423,3990.51
424,56666.63
425,15352.25
426,4033.45
427,3353.62
428,12620.11
429,2150.0
430,5980.59
431,49489.15
432,6587.13
433,6020.56
434,68954.43
435,2201.0
436,5448.67
437,11465.89
438,13515.77
439,6363.18
440,66591.46
441,8415.18
442,56662.88
443,5519.69
444,3742.85
445,4490.46
446,49593.8
447,53711.27
448,8449.79
449,3601.53
450,51514.18
451,49486.28
452,48281.15
453,5023.39
454,7400.72
455,5148.51
456,2050.0
457,49656.96
458,41700.16
459,11101.58
460,6728.55
461,5913.4
462,5964.45
463,4499.98
464,9981.82
465,1642.73
466,2150.0
467,6028.94
468,6108.01
469,4737.85
470,7834.55
471,10304.57
472,8278.85
473,4830.01
474,5968.53
475,4328.61
476,11140.86
477,12087.94
478,4585.43
479,14182.4775
480,25486.3
481,6194.29
482,5980.81
483,2719.13
484,3347.2
485,10866.41
486,6202.44
487,64843.58
488,5103.67
489,52178.04
490,6214.59
491,50962.22
492,4741.15
493,57089.09
494,50438.45
495,5781.69
496,34521.46
497,5573.76
498,4554.6
499,70407.81
500,45739.15
501,4501.52
502,4706.38
503,63987.31
504,44956.66
505,44681.02
506,7824.6
507,5310.77
508,32580.54
509,2509.31
510,56444.29
511,5610.64
512,5803.09
513,38871.91
514,5571.98
515,71656.82
516,70801.55
517,3660.08
518,45708.69
519,3947.33
520,5700.36
521,76730.45
522,54608.0
523,4261.75
524,4673.45
525,9699.51
526,7085.86
527,6758.27
528,3108.77
529,6156.7
530,17183.81
531,51518.64
532,3988.4
533,56939.7
534,10973.74
535,10346.21
536,63201.39
537,56476.0
538,5897.33
539,4826.21
540,3865.58
541,4464.67
542,3041.77
543,10109.25
544,54842.82
545,79849.17
546,51982.52
547,3880.62
548,6429.42
549,68172.15
550,4412.48
551,55158.28
552,5755.62
553,5517.53
554,4909.53
555,5544.51
556,6038.9
557,56927.3
558,52872.27
559,5976.5
560,43194.48
561,43127.46
562,2692.4
563,6175.59
564,3285.83
565,4327.18
566,49812.84
567,9398.67
568,10049.58
569,7365.39
570,6470.33
571,4656.42
572,16886.92
573,15829.04
574,5472.25
575,47524.87
576,3983.78
577,53274.18
578,4229.41
579,49723.88
580,65151.32
581,38752.45
582,4602.85
583,2350.19
584,2201.0
585,6552.38
586,57597.11
587,12966.32
588,69946.2
589,4472.83
590,2801.25
591,7077.55
592,61302.83
593,77045.73
594,5783.29
595,14243.04
596,63500.2
597,5610.44
598,2754.85
599,11503.23
600,43065.66
601,6422.52
602,4642.68
603,3837.02
604,5687.81
605,53164.0
606,6213.15
607,64750.06
608,35798.76
609,3992.53
610,5174.77
611,53944.37
612,4133.6
613,67509.73
614,8027.15
615,6272.98
616,6515.45
617,4122.24
618,14415.8
619,61968.05
620,52577.14
621,67462.07
622,5966.93
623,6157.87
624,11446.39
625,4017.03
626,4872.1
627,46020.36
628,56476.0
629,5563.2
630,54803.1
631,4697.15
632,68152.63
633,4881.52
634,5128.17
635,3712.14
636,4105.8
637,7445.76
638,58242.23
639,2789.0
640,55136.52
641,39499.0
642,10843.18
643,4152.23
644,3396.77
645,4078.65
646,62739.41
647,76331.55
648,2776.43
649,11099.7
650,7835.07
651,50122.15
652,4268.19
653,62785.01
654,62743.88
655,6391.05
656,6591.91
657,2903.24
658,10936.77
659,53857.02
660,5870.28
661,6092.35
662,4676.6
663,3742.12
664,13883.8
665,5818.55
666,8942.82
667,11734.37
668,4448.25
669,4241.53
670,5654.43
671,55165.96
672,11169.1
673,5277.41
674,27998.4
675,61694.59
676,62655.58
677,32972.54
678,4846.72
679,14451.15
680,7792.54
681,5295.39
682,4886.25
683,7386.17
684,7548.34
685,7045.8
686,7664.63
687,12294.73
688,4839.33
689,4596.94
690,10262.31
691,4231.46
692,56661.12
693,7864.11
694,6167.44
695,4800.6
696,6403.88
697,6342.83
698,2640.68
699,10788.69
700,4541.2
701,62752.31
702,2499.8
703,3754.42
704,5924.67
705,51521.28
706,4071.88
707,51595.0
708,3605.11
709,3233.75
710,50343.23
711,11682.32
712,55465.64
713,42087.65
714,4855.57
715,57850.8
716,4821.83
717,7826.67
718,11399.4
719,24640.2
720,6406.83
721,58982.05
722,54781.66
723,54608.0
724,9148.19
725,39321.44
726,56031.35
727,4955.13
728,3194.1
729,5523.31
730,74695.38
731,28328.09
732,4777.82
733,4792.37
734,3767.11
735,48122.07
736,5880.39
737,3599.38
738,4762.83
739,59701.75
740,54199.48
741,56378.98
742,57347.97
743,3840.01
744,61609.66
745,11289.08
746,5474.31
747,54359.83
748,8154.65
749,56005.04
750,58024.87
751,5354.2
752,7406.78
753,5540.85
754,3532.46
755,5276.61
756,58591.0
757,45883.0
758,6419.51
759,51379.31
760,3464.02
761,6654.73
762,4567.91
763,8056.44
764,4895.51
765,55056.72
766,4616.46
767,69863.7
768,6507.55
769,5042.32
770,6495.95
771,4512.51
772,52696.17
773,78870.45
774,6680.5
775,4376.14
776,44400.68
777,50713.16
778,5015.23
779,4392.47
780,2475.4
781,5162.41
782,44068.51
783,6012.45
784,23141.32
785,7426.16
786,5773.53
787,11382.16
788,4330.5
789,72886.16
790,17448.93
791,44925.78
792,34267.01
793,2836.39
794,32158.17
795,23693.0
796,64555.69
797,5794.61
798,7048.86
799,7223.95
800,1713.14
801,13814.49
802,6850.51
803,3791.31
804,53256.38
805,6217.64
806,24502.48
807,71479.81
808,12629.58
809,46349.86
810,8034.42
811,44454.24
812,6406.2
813,4830.79
814,57950.34
815,6979.12
816,8689.09
817,6283.42
818,5173.41
819,4730.66
820,61542.15
821,51647.64
822,4529.39
823,24042.72
824,51676.76
825,50493.32
826,5478.18
827,54598.07
828,2430.72
829,56377.05
830,5817.45
831,10223.49
832,3838.6475
833,58660.16
834,64405.73
835,5971.92
836,4264.5
837,42008.25
838,11944.62
839,5232.08
840,11457.8
841,59512.1
842,48278.86
843,2272.82
844,23840.7
845,6212.27
846,69406.91
847,43376.0
848,8718.0
849,4851.65
850,14438.13
851,4113.72
852,7496.36
853,4253.86
854,44836.62
855,16942.19
856,4814.09
857,54684.0
858,4507.48
859,5998.44
860,8379.19
861,5269.51
862,2089.1
863,53429.04
864,5804.56
865,2553.47
866,11599.86
867,56437.77
868,2124.0
869,3882.31
870,67524.04
871,5229.16
872,17542.52
873,45308.6
874,7761.55
875,62190.46
876,5516.25
877,3379.0
878,46308.58
879,4323.14
880,61628.39
881,4153.95
882,4307.16
883,9322.3
884,4046.56
885,6651.91
886,5959.14
887,4120.57
888,53023.11
889,39499.0
890,2267.27
891,5182.58
892,2211.8
893,3323.68
894,62448.0
895,9348.19
896,63788.7
897,5566.09
898,57770.27
899,6564.19
900,5441.59
901,53808.93
902,46371.91
903,9862.94
904,4739.4
905,4514.53
906,5266.53
907,53505.78
908,61764.99
909,6219.2
910,6382.15
911,5299.71
912,4609.08
913,61723.18
914,4411.89
915,5702.47
916,54524.22
917,5844.97
918,34443.62
919,3366.4
920,12135.36
921,57451.32
922,13444.55
923,56597.03
924,4696.45
925,54608.0
926,4418.65
927,66912.36
928,5700.66
929,29966.31
930,12218.42
931,10519.57
932,3361.95
933,49255.72
934,4522.34
935,5014.24
936,4132.94
937,5381.41
938,48511.81
939,15467.48
940,5752.65
941,5677.22
942,65394.51
943,6039.22
944,4428.69
945,2360.11
946,9946.01
947,58144.95
948,2008.49
949,72884.26
950,62258.92
951,44392.61
952,55072.84
953,2240.2
954,12767.3
955,3783.74
956,52511.99
957,6409.43
958,7052.4
959,3053.3
960,66244.66
961,53258.46
962,5512.89
963,11784.22
964,4267.73
965,5403.23
966,6041.41
967,67468.45
968,13045.94
969,4476.95
970,3723.08
971,9008.36
972,60522.23
973,4215.44
974,50095.71
975,59789.78
976,61610.97
977,4419.78
978,73544.52
979,6346.25
980,5534.05
981,11029.41
982,59858.76
983,5937.88
984,5579.79
985,5573.14
986,6769.86
987,10736.48
988,5520.3
989,3578.39
990,6508.55
991,55288.94
992,58858.8
993,7208.98
994,54717.51
995,11789.1
996,4907.89
997,5337.58
998,6175.83
999,8192.67
1000,4270.67
1001,3631.47
1002,9815.58
1003,60508.0
1004,3620.83
1005,12282.97
1006,12531.36
1007,3351.93
1008,4042.79
1009,17394.13
1010,2568.97
1011,30628.82
1012,47955.56
1013,4691.03
1014,57639.24
1015,61786.93
1016,45856.06
1017,42529.36
1018,11087.03
1019,6827.97
1020,3133.26
1021,13763.42
1022,4616.89
1023,2689.42
1024,53877.88
1025,13100.37
1026,57626.23
1027,4036.06
1028,50137.58
1029,5296.17
1030,54684.0
1031,4857.99
1032,3133.01
1033,42197.81
1034,7428.42
1035,5438.11
1036,28778.62
1037,6386.85
1038,43930.05
1039,3751.73
1040,2994.05
1041,59264.81
1042,32872.41
1043,10062.17
1044,6117.57
1045,5693.34
1046,60807.0
1047,37288.4
1048,4440.04
1049,5416.17
1050,2119.05
1051,3189.53
1052,5372.87
1053,5668.87
1054,59213.49
1055,3111.61
1056,6236.23
1057,6815.57
1058,9165.2
1059,7717.93
1060,3148.35
1061,63243.15
1062,50496.6
1063,4098.86
1064,7916.94
1065,10814.89
1066,5151.83
1067,15904.24
1068,20270.2
1069,39129.08
1070,1713.3
1071,4684.28
1072,44239.66
1073,58346.47
1074,16208.69
1075,12344.31
1076,5775.51
1077,6016.87
1078,4875.63
1079,16195.75
1080,3735.45
1081,45503.53
1082,5298.11
1083,5242.63
1084,12785.92
1085,5350.88
1086,6831.45
1087,10733.47
1088,6684.49
1089,14400.17
1090,6161.41
1091,6448.73
1092,11089.0
1093,5443.85
1094,6301.53
1095,9286.8
1096,52479.03
1097,65409.79
1098,4878.08
1099,4550.22
1100,45211.95
1101,2689.15
1102,13711.55
1103,3365.32
1104,60769.36
1105,2647.87
1106,7505.56
1107,5109.59
1108,7025.95
1109,57544.39
1110,2372.22
1111,12671.03
1112,54583.63
1113,6186.02
1114,52456.16
1115,11403.98
1116,4096.13
1117,61839.02
1118,44628.41
1119,5873.14
1120,3982.24
1121,3836.6
1122,1892.26
1123,5229.46
1124,4982.56
1125,51336.84
1126,6578.07
1127,4722.74
1128,49858.84
1129,5474.75
1130,4970.79
1131,11480.26
1132,6393.94
1133,67687.38
1134,5987.46
1135,5151.37
1136,4956.77
1137,5500.11
1138,28020.44
1139,6017.77
1140,3213.88
1141,4946.69
1142,6120.62
1143,2383.42
1144,6567.74
1145,45730.75
1146,60366.2
1147,11902.55
1148,41068.96
1149,7851.61
1150,2902.95
1151,4579.91
1152,13016.15
1153,4186.15
1154,8056.88
1155,13518.97
1156,6578.17
1157,4950.64
1158,47678.6
1159,5457.51
1160,3076.15
1161,5816.62
1162,5792.2
1163,5978.61
1164,76299.1
1165,5419.91
1166,50400.7
1167,6928.58
1168,4833.82
1169,12905.16
1170,4136.22
1171,5926.55
1172,33388.85
1173,2876.73
1174,6992.72
1175,2723.71
1176,4188.89
1177,2117.74
1178,4531.05
1179,13306.54
1180,4477.1
1181,4936.53
1182,6326.14
1183,40686.12
1184,59915.06
1185,18449.79
1186,6208.27
1187,54379.96
1188,2746.19
1189,6034.59
1190,14620.76
1191,67170.24
1192,56075.48
1193,17406.0175
1194,4787.85
1195,2159.79
1196,12213.61
1197,74074.92
1198,13320.79
1199,5340.32
1200,5948.61
1201,11787.6
1202,22062.7
1203,5766.29
1204,49196.21
1205,5955.85
1206,14026.36
1207,4542.81
1208,5592.8
1209,8309.51
1210,5613.05
1211,58448.26
1212,55434.37
1213,3754.83
1214,5085.7
1215,4437.53
1216,17519.78
1217,3309.44
1218,2810.82
1219,60319.39
1220,27759.22
1221,74178.21
1222,3929.73
1223,3854.75
1224,47607.16
1225,53026.12
1226,4590.39
1227,5712.07
1228,4487.9
1229,10603.96
1230,47620.58
1231,4507.1
1232,5275.15
1233,4308.82
1234,5722.48
1235,60513.96
1236,4535.77
1237,64002.29
1238,4299.31
1239,8679.37
1240,11700.99
1241,51707.0
1242,6440.71
1243,58484.88
1244,5652.03
1245,6142.04
1246,5962.51
1247,5146.16
1248,4818.14
1249,6141.29
1250,6942.15
1251,4649.28
1252,56662.18
1253,57513.33
1254,2337.78
1255,3547.53
1256,54904.88
1257,5740.58
1258,5275.8
1259,5498.0
1260,11828.92
1261,3578.96
1262,8336.49
1263,12878.1925
1264,41149.61
1265,4014.38
1266,34169.14
1267,5329.45
1268,6978.9
1269,7625.5
1270,62350.04
1271,7269.16
1272,5349.27
1273,17558.610166666665
1274,10767.12
1275,6379.42
1276,4417.52
1277,77309.54
1278,9059.45
1279,12558.64
1280,72677.63
1281,23908.04
1282,58253.16
1283,4500.38
1284,5408.94
1285,3838.48
1286,56890.24
1287,6433.37
1288,75743.38
1289,5294.69
1290,9844.74
1291,6138.21
1292,52585.46
1293,9187.0
1294,10725.18
1295,4565.22
1296,51087.29
1297,4439.32
1298,10917.3
1299,12046.64
1300,9615.41
1301,5866.0
1302,54950.28
1303,2342.99
1304,4347.51
1305,6650.77
1306,4500.44
1307,4223.94
1308,6531.85
1309,52580.76
1310,77477.46
1311,5958.04
1312,13443.23
1313,49615.27
1314,40870.08
1315,11078.39
1316,12737.71
1317,5335.32
1318,5537.44
1319,2293.67
1320,20471.33
1321,5986.45
1322,7600.63
1323,2124.0
1324,6249.38
1325,51282.74
1326,3137.15
1327,6096.23
1328,68201.06
1329,4141.3
1330,6716.84
1331,7686.26
1332,11002.28
1333,2009.99
1334,12741.84
1335,9311.58
1336,6573.69
1337,37541.55
1338,7217.69
1339,5325.46
1340,7542.45
1341,9436.58
1342,2349.58
1343,2426.36
1344,7811.07
1345,2160.24
1346,66869.4
1347,4658.0
1348,45636.6
1349,5560.3
1350,6310.36
1351,11446.14
1352,10454.88
1353,11300.85
1354,4379.24
1355,8003.73
1356,49268.83
1357,28416.05
1358,10628.18
1359,8296.25
1360,12353.13
1361,4362.34
1362,45228.87
1363,8077.86
1364,5868.98
1365,44157.4
1366,66317.32
1367,11293.83
1368,7362.33
1369,52198.16
1370,59321.46
1371,4829.46
1372,20816.36
1373,6441.31
1374,45562.61
1375,4751.07
1376,10001.53
1377,5136.18
1378,4071.14
1379,4456.06
1380,54684.0
1381,4611.41
1382,71547.12
1383,51587.66
1384,41148.47
1385,5551.51
1386,4263.8
1387,2220.25
1388,5681.09
1389,57488.39
1390,5596.78
1391,45869.0
1392,2123.49
1393,50041.96
1394,51626.51
1395,2583.55
1396,4874.37
1397,6812.36
1398,54608.0
1399,36574.55
1400,70021.17
1401,11217.75
1402,57437.7
1403,6426.12
1404,2413.69
1405,32821.18
1406,9105.08
1407,77813.91
1408,11100.83
1409,4126.61
1410,45693.0
1411,9291.35
1412,6670.97
1413,65070.12
1414,12477.88
1415,56752.76
1416,5705.92
1417,6098.28
1418,2150.0
1419,5062.6
1420,4832.06
1421,53843.4
1422,4270.24
1423,38964.72
1424,5958.07
1425,49723.88
1426,4512.01
1427,8016.4
1428,44507.29
1429,2746.85
1430,3568.85
1431,43762.03
1432,58334.64
1433,3402.97
1434,1900.21
1435,3039.24
1436,72770.21
1437,6742.92
1438,28682.53
1439,57940.09
1440,47554.29
1441,7019.57
1442,62954.03
1443,52549.45
1444,7242.15
1445,62701.21
1446,51697.23
1447,8251.52
1448,43904.21
1449,3011.09
1450,72496.47
1451,5057.87
1452,50587.52
1453,4772.11
1454,5719.48
1455,4500.01
1456,41728.3
1457,48621.5
1458,6527.17
1459,2616.86
1460,3433.82
1461,13741.25
1462,5864.47
1463,48692.42
1464,2986.42
1465,3680.7
1466,2114.11
1467,44815.6
1468,44729.08
1469,52871.8
1470,3934.52
1471,13934.79
1472,12195.74
1473,3715.49
1474,55232.56
1475,3821.14
1476,11556.85
1477,43656.72
1478,5303.57
1479,6986.88
1480,11741.8
1481,42394.21
1482,46153.03
1483,4092.06
1484,4439.48
1485,6634.02
1486,10850.94
1487,6442.31
1488,40633.33
1489,6472.15
1490,8990.69
1491,7201.09
1492,45795.92
1493,52759.69
1494,9833.34
1495,54112.68
1496,62442.42
1497,2862.89
1498,7215.35
1499,4739.63
1500,6161.76
1501,6635.5
1502,10006.47
1503,3190.96
1504,11371.86
1505,4841.42
1506,74178.21
1507,3545.39
1508,71201.32
1509,46461.31
1510,61142.84
1511,6439.88
1512,61671.72
1513,49233.0
1514,5728.88
1515,41806.15
1516,38638.57
1517,4531.87
1518,5647.86
1519,73784.86
1520,5371.4
1521,4515.2
1522,3231.07
1523,5804.58
1524,55757.53
1525,9845.08
1526,11655.54
1527,12279.81
1528,38977.47
1529,6108.9
1530,7412.7
1531,45647.08
1532,6409.82
1533,40250.52
1534,8819.68
1535,6330.27
1536,41923.85
1537,11601.31
1538,13407.24
1539,4066.75
1540,5534.29
1541,7518.61
1542,59066.45
1543,7424.82
1544,42993.74
1545,28038.91
1546,54684.0
1547,24362.12
1548,11021.07
1549,5729.36
1550,43501.43
1551,5815.86
1552,8076.34
1553,69531.55
1554,7539.94
1555,4803.59
1556,4773.02
1557,8858.39
1558,33464.74
1559,11413.11
1560,84872.27
1561,7210.44
1562,4492.05
1563,59534.22
1564,69640.47
1565,6701.37
1566,7415.44
1567,5953.2
1568,7496.35
1569,53757.48
1570,3764.66
1571,8116.1
1572,4317.71
1573,3390.22
1574,15769.15
1575,54350.34
1576,12287.29
1577,7539.97
1578,55377.0
1579,5332.32
1580,6443.14
1581,51595.0
1582,2594.39
1583,68460.67
1584,5901.6
1585,5104.11
1586,12670.89
1587,4121.45
1588,5892.01
1589,45182.33
1590,76700.68
1591,51345.0
1592,5342.61
1593,6979.38
1594,1854.93
1595,6803.0
1596,3105.7
1597,5819.79
1598,22169.92
1599,5508.07
1600,53949.37
1601,11403.2
1602,11600.98
1603,5818.29
1604,10756.34
1605,7272.39
1606,60001.93
1607,3619.42
1608,7031.86
1609,4565.93
1610,58212.61
1611,4013.49
1612,5365.26
1613,5655.16
1614,4897.93
1615,51595.0
1616,39683.13
1617,50705.43
1618,4790.89
1619,5936.75
1620,56544.71
1621,65468.78
1622,4866.05
1623,4428.71
1624,4051.46
1625,4854.74
1626,6971.76
1627,70930.76
1628,8912.08
1629,41876.0
1630,53208.75
1631,9607.29
1632,5530.84
1633,8817.84
1634,5524.39
1635,8663.16
1636,7425.63
1637,11705.35
1638,9527.68
1639,5066.56
1640,5896.18
1641,76590.0
1642,13171.84
1643,11899.75
1644,6905.44
1645,60508.0
1646,6351.41
1647,60547.54
1648,44307.12
1649,6398.59
1650,13892.83
1651,56256.69
1652,11051.91
1653,55874.58
1654,2389.09
1655,15723.14
1656,5585.06
1657,6190.15
1658,55941.1
1659,4350.34
1660,6307.94
1661,53273.91
1662,5322.96
1663,5511.48
1664,55563.08
1665,5374.07
1666,2412.19
1667,11263.74
1668,8309.07
1669,4513.33
1670,50704.38
1671,57196.83
1672,5242.56
1673,4406.11
1674,12768.1
1675,32923.0
1676,60308.63
1677,1833.91
1678,56850.42
1679,5278.35
1680,59792.91
1681,5044.86
1682,55742.59
1683,5624.93
1684,4875.29
1685,3530.4
1686,2658.5
1687,3466.14
1688,6077.1
1689,1713.64
1690,1641.67
1691,4994.32
1692,5333.92
1693,5177.53
1694,57184.45
1695,2410.0
1696,3532.89
1697,6502.83
1698,3877.13
1699,55644.56
1700,6855.27
1701,5471.7
1702,5861.9
1703,5424.43
1704,2787.98
1705,10148.67
1706,5721.3
1707,5253.45
1708,4498.2
1709,7816.42
1710,4811.39
1711,6960.86
1712,13794.01
1713,5675.52
1714,5742.53
1715,45205.78
1716,4716.94
1717,4373.23
1718,8778.13
1719,2286.52
1720,54608.0
1721,22305.92
1722,5988.54
1723,5962.59
1724,7985.58
1725,69257.32
1726,51546.63
1727,6143.9
1728,56494.36
1729,4850.39
1730,4500.8
1731,59526.55
1732,5809.92
1733,19597.67
1734,6529.68
1735,5892.79
1736,38317.48
1737,49400.6
1738,12416.43
1739,2925.85
1740,4347.35
1741,5963.4
1742,1612.02
1743,2035.77
1744,4705.05
1745,5615.12
1746,2496.43
1747,12305.04
1748,4672.6
1749,51444.97
1750,5738.78
1751,57386.8
1752,10506.34
1753,4762.71
1754,68946.67
1755,6141.44
1756,38605.94
1757,51341.07
1758,9454.71
1759,62296.27
1760,26365.54
1761,57965.7
1762,8825.41
1763,5299.23
1764,2124.0
1765,6826.08
1766,1402.31
1767,4616.17
1768,5588.76
1769,9668.34
1770,6378.58
1771,6290.43
1772,12918.84
1773,58978.0
1774,3815.86
1775,58900.78
1776,5943.79
1777,4890.62
1778,7641.54
1779,1202.32
1780,57058.8
1781,10905.16
1782,4663.14
1783,74596.96
1784,4272.96
1785,41735.66
1786,6311.45
1787,7133.74
1788,11646.19
1789,6553.93
1790,2407.29
1791,4125.66
1792,13981.98
1793,4040.9
1794,8424.59
1795,9868.66
1796,6206.48
1797,6101.9
1798,66358.47
1799,1861.69
1800,4645.66
1801,4583.81
1802,5412.11
1803,2776.17
1804,62936.55
1805,11607.01
1806,3270.31
1807,7055.05
1808,5137.02
1809,6841.52
1810,69827.29
1811,5424.34
1812,4769.8
1813,80833.36
1814,6401.58
1815,7850.4
1816,5276.96
1817,65250.88
1818,3829.71
1819,1896.97
1820,5238.54
1821,9271.14
1822,52477.61
1823,25009.17
1824,7408.6
1825,10917.54
1826,6874.92
1827,13989.28
1828,54608.0
1829,16727.43
1830,6052.95
1831,22140.0
1832,39997.32
1833,4419.88
1834,4147.69
1835,27913.95
1836,2664.35
1837,6101.66
1838,5070.1
1839,12038.92
1840,70691.87
1841,4466.99
1842,51471.51
1843,58327.45
1844,14093.42
1845,16361.75
1846,6042.2
1847,5346.66
1848,5935.65
1849,7187.57
1850,6563.13
1851,10850.74
1852,6201.29
1853,4307.09
1854,11340.81
1855,6232.17
1856,5724.66
1857,56150.67
1858,10402.15
1859,5454.95
1860,7695.3
1861,5570.21
1862,53050.09
1863,4188.89
1864,3171.42
1865,62740.52
1866,14877.86
1867,5274.69
1868,5227.68
1869,4225.88
1870,7217.85
1871,3638.47
1872,68978.64
1873,9473.85
1874,6632.83
1875,5695.88
1876,7014.13
1877,13625.68
1878,45454.45
1879,5029.99
1880,2329.94
1881,13948.63
1882,8983.07
1883,10038.34
1884,5949.0
1885,2717.12
1886,2504.01
1887,54293.1
1888,7257.96
1889,4427.98
1890,48429.77
1891,6463.49
1892,5089.91
1893,4109.88
1894,5978.76
1895,6083.27
1896,54684.0
1897,9862.74
1898,1930.1
1899,4394.32
1900,9112.05
1901,4721.95
1902,5214.44
1903,5218.84
1904,4739.01
1905,12433.17
1906,38620.37
1907,1809.52
1908,6267.8
1909,5893.04
1910,3403.58
1911,10158.57
1912,7291.12
1913,4516.86
1914,15258.13
1915,6242.25
1916,5913.465
1917,41391.5
1918,6413.65
1919,5051.09
1920,5552.85
1921,6251.05
1922,72997.86
1923,2233.71
1924,64454.03
1925,5242.33
1926,3666.65
1927,56523.36
1928,6579.86
1929,5233.24
1930,2213.93
1931,7998.78
1932,6636.9
1933,10581.61
1934,13091.24
1935,3411.82
1936,53585.77
1937,6395.43
1938,6475.88
1939,4150.8
1940,2624.38
1941,54684.0
1942,10961.21
1943,6573.49
1944,5857.61
1945,52343.1
1946,2486.57
1947,12700.86
1948,4821.9
1949,5248.37
1950,9053.2
1951,2166.06
1952,8088.55
1953,49602.64
1954,10445.12
1955,59998.22
1956,14576.49
1957,4971.23
1958,43998.87
1959,5201.19
1960,5056.95
1961,51707.0
1962,6911.05
1963,41694.65
1964,54337.85
1965,3583.31
1966,32860.92
1967,12921.64
1968,3143.41
1969,17043.0
1970,5356.51
1971,4146.41
1972,2133.99
1973,39515.02
1974,3462.13
1975,13104.71
1976,3755.55
1977,5980.17
1978,59142.44
1979,4186.01
1980,5509.09
1981,4873.12
1982,62448.0
1983,41357.03
1984,4795.92
1985,66145.64
1986,56197.18
1987,8891.23
1988,52616.29
1989,55667.97
1990,51474.47
1991,5437.39
1992,5476.6
1993,4702.35
1994,3661.04
1995,2118.61
1996,1789.32
1997,9076.96
1998,4819.23
1999,1662.12
2000,6948.85
2001,65624.36
2002,4334.45
2003,3556.55
2004,67154.24
2005,2349.13
2006,7112.91
2007,45931.47
2008,34561.6
2009,62045.71
2010,10825.67
2011,4488.81
2012,6342.75
2013,4900.15
2014,13481.86
2015,12004.28
2016,11999.79
2017,10455.89
2018,10358.51
2019,10607.81
2020,3915.86
2021,7888.74
2022,7042.84
2023,5818.09
2024,8795.0
2025,12836.52
2026,10521.45
2027,2403.75
2028,5899.09
2029,6659.62
2030,4440.01
2031,16676.15
2032,43070.18
2033,3565.82
2034,31863.19
2035,41101.0
2036,6821.31
2037,3296.33
2038,50157.32
2039,66471.07
2040,55197.95
2041,57954.17
2042,6471.13
2043,4445.32
2044,8733.01
2045,49975.88
2046,54007.93
2047,39499.0
2048,4430.27
2049,6463.78
2050,5055.78
2051,2271.68
2052,41895.77
2053,55354.7
2054,6758.31
2055,50231.49
2056,44277.51
2057,59068.4
2058,6723.57
2059,3543.32
2060,4433.58
2061,62448.0
2062,4678.48
2063,5401.38
2064,5249.62
2065,6166.17
2066,5865.06
2067,6167.76
2068,6711.94
2069,7528.75
2070,4646.99
2071,2870.71
2072,62536.92
2073,4606.6
2074,5886.5
2075,63529.22
2076,12580.95
2077,1766.34
2078,7307.39
2079,6060.77
2080,3865.08
2081,52162.86
2082,5494.64
2083,4198.71
2084,1745.68
2085,49725.0
2086,5154.24
2087,63805.12
2088,75980.89
2089,4384.12
2090,3334.23
2091,12270.41
2092,4405.09
2093,3623.49
2094,57819.39
2095,12704.69
2096,57733.17
2097,11877.53
2098,5982.0
2099,57070.64
2100,8427.93
2101,7437.31
2102,3337.86
2103,69563.54
2104,63059.79
2105,49725.0
2106,5311.49
2107,7807.12
2108,3984.72
2109,11306.56
2110,56010.48
2111,4107.84
2112,7611.63
2113,4070.13
2114,55244.25
2115,6555.54
2116,41633.39
2117,5902.33
2118,6134.13
2119,43045.3
2120,5119.84
2121,44682.74
2122,5923.21
2123,49725.0
2124,7445.06
2125,63948.52
2126,3162.61
2127,48300.88
2128,3988.67
2129,59478.65
2130,4935.47
2131,52069.9
2132,58644.02
2133,3772.99
2134,6280.81
2135,2313.69
2136,3109.1
2137,5863.31
2138,46487.86
2139,5441.64
2140,8540.45
2141,4989.44
2142,57748.98
2143,5936.61
2144,55610.9
2145,4251.32
2146,5258.77
2147,4548.36
2148,4524.34
2149,7129.23
2150,5807.18
2151,6187.18
2152,7996.08
2153,46251.29
2154,52676.27
2155,32593.49
2156,5003.76
2157,13096.99
2158,13269.21
2159,10705.88
2160,7247.05
2161,51707.0
2162,3992.51
2163,58955.61
2164,6218.98
2165,7169.26
2166,3958.0
2167,53761.34
2168,58294.19
2169,5323.09
2170,6068.99
2171,51684.83
2172,4114.3
2173,4589.94
2174,2892.53
2175,5355.78
2176,38287.31
2177,50413.24
2178,56705.84
2179,8237.89
2180,64803.33
2181,3138.19
2182,42533.28
2183,41442.03
2184,5011.78
2185,7131.43
2186,8145.82
2187,15322.72
2188,7433.28
2189,6082.12
2190,11712.81
2191,43086.97
2192,6245.64
2193,6266.54
2194,2203.01
2195,4818.04
2196,60576.41
2197,62448.0
2198,56171.82
2199,3245.64
2200,4615.13
2201,5455.94
2202,5666.02
2203,6883.56
2204,8494.98
2205,4641.51
2206,3921.69
2207,79517.0
2208,4910.0
2209,69738.85
2210,10898.4
2211,13249.095
2212,48918.71
2213,65593.86
2214,10972.87
2215,4584.7
2216,7246.89
2217,56104.53
2218,53401.92
2219,3820.31
2220,54842.82
2221,5294.45
2222,3030.09
2223,5663.02
2224,4478.37
2225,3961.81
2226,6352.4
2227,5152.64
2228,10725.52
2229,11540.79
2230,3938.78
2231,1953.3
2232,59545.06
2233,14726.86
2234,6212.55
2235,56549.89
2236,5157.99
2237,10511.2
2238,4539.11
2239,7057.9
2240,59931.38
2241,10754.97
2242,4744.84
2243,56903.54
2244,2150.0
2245,5276.18
2246,8065.7
2247,4601.96
2248,7695.25
2249,4904.54
2250,6720.7
2251,10345.06
2252,53139.61
2253,7358.91
2254,49748.27
2255,4625.73
2256,6904.93
2257,3266.96
2258,6220.0
2259,5597.64
2260,6282.28
2261,7195.68
2262,10293.76
2263,10693.47
2264,6436.72
2265,2589.17
2266,27002.44
2267,40841.37
2268,10972.65
2269,5880.51
2270,5247.61
2271,2887.04
2272,4759.81
2273,2124.0
2274,50658.45
2275,48959.71
2276,2651.86
2277,9480.4
2278,2361.12
2279,9013.46
2280,41331.17
2281,4072.14
2282,64190.68
2283,61800.48
2284,8492.16
2285,8952.91
2286,48744.24
2287,64493.97
2288,2241.09
2289,5922.83
2290,4076.38
2291,4780.05
2292,2219.57
2293,17004.63
2294,8934.61
2295,5009.85
2296,6269.22
2297,27862.56
2298,6737.47
2299,10651.38
2300,3581.59
2301,44637.42
2302,4993.62
2303,58255.89
2304,8031.21
2305,45685.76
2306,6400.47
2307,17049.58
2308,71056.84
2309,4325.27
2310,7519.8
2311,60396.0
2312,14160.83
2313,45687.01
2314,4893.35
2315,14447.7
2316,5397.01
2317,53164.0
2318,23142.08
2319,12018.8
2320,6378.44
2321,55664.61
2322,3535.22
2323,15303.11
2324,9449.96
2325,6051.05
2326,5793.26
2327,11882.56
2328,32934.65
2329,6252.69
2330,6001.22
2331,47135.92
2332,8471.66
2333,7495.08
2334,10838.4
2335,52451.67
2336,49570.66
2337,53528.66
2338,2264.94
2339,39499.0
2340,8508.49
2341,39534.52
2342,4790.97
2343,56994.94
2344,6481.02
2345,55795.72
2346,4128.87
2347,6494.12
2348,10201.45
2349,5832.88
2350,55422.93
2351,4040.55
2352,4392.88
2353,4662.17
2354,2475.02
2355,5247.36
2356,41043.52
2357,48947.57
2358,4862.51
2359,5696.84
2360,6835.65
2361,54520.12
2362,64327.56
2363,4726.82
2364,50417.64
2365,6721.87
2366,61853.29
2367,4211.78
2368,77047.53
2369,56827.28
2370,6094.33
2371,6367.42
2372,4446.98
2373,5379.02
2374,4178.75
2375,4251.43
2376,44442.92
2377,12128.27
2378,55428.31
2379,4778.16
2380,24620.43
2381,3967.65
2382,10303.06
2383,80368.76
2384,6421.27
2385,10637.45
2386,52803.82
2387,4724.54
2388,5846.54
2389,2535.22
2390,43063.95
2391,5380.9
2392,11000.43
2393,7340.36
2394,13133.39
2395,22152.0
2396,47608.27
2397,4481.77
2398,9703.17
2399,7375.65
2400,13970.12
2401,61746.12
2402,4523.82
2403,26431.4
2404,45217.89
2405,6261.56
2406,4290.31
2407,4708.73
2408,9988.58
2409,10544.12
2410,40894.37
2411,6715.79
2412,5903.09
2413,2973.32
2414,61255.14
2415,9488.79
2416,43617.45
2417,11196.97
2418,4694.3
2419,6092.23
2420,6147.53
2421,6653.5
2422,66473.86
2423,4602.06
2424,2365.81
2425,5078.63
2426,63229.06
2427,5332.15
2428,53695.81
2429,60172.12
2430,11353.85
2431,22165.32
2432,67373.88
2433,7683.29
2434,4616.87
2435,7558.09
2436,4207.94
2437,52000.37
2438,51514.18
2439,4605.4
2440,50309.86
2441,4259.21
2442,7206.92
2443,5692.53
2444,2596.98
2445,2992.99
2446,11465.49
2447,7151.64
2448,7429.04
2449,4699.55
2450,5336.64
2451,3868.33
2452,10280.2
2453,6341.63
2454,49591.36
2455,12927.27
2456,52330.01
2457,23908.04
2458,15843.68
2459,40284.09
2460,46668.88
2461,7740.13
2462,6111.65
2463,5838.44
2464,7749.17
2465,4499.31
2466,1895.77
2467,4241.94
2468,5823.74
2469,4942.69
2470,5624.01
2471,7416.39
2472,4207.38
2473,4312.93
2474,4419.78
2475,7804.02
2476,4095.88
2477,3912.23
2478,12788.4
2479,68613.15
2480,5099.5
2481,32720.0
2482,6106.38
2483,67548.73
2484,52428.23
2485,58713.78
2486,6058.02
2487,5467.57
2488,54218.32
2489,2370.54
2490,7892.32
2491,62814.58
2492,13617.29
2493,5127.55
2494,4691.64
2495,3893.21
2496,4711.68
2497,2538.61
2498,9892.33
2499,66676.94
2500,3952.03
2501,53168.82
2502,9311.98
2503,3108.33
2504,12491.29
2505,55437.03
2506,2726.47
2507,17604.0
2508,9211.34
2509,3976.9
2510,4556.06
2511,53212.28
2512,10688.39
2513,3725.06
2514,6043.71
2515,13454.52
2516,4834.26
2517,2425.2
2518,52174.73
2519,61198.2
2520,60467.68
2521,3850.53
2522,78865.64
2523,55983.0
2524,51469.25
2525,64801.75
2526,6221.16
2527,7018.82
2528,14078.16
2529,3292.42
2530,7029.0
2531,58227.13
2532,61498.38
2533,5029.46
2534,49479.54
2535,6007.46
2536,7958.59
2537,3963.06
2538,7851.96
2539,3350.16
2540,58759.42
2541,11541.08
2542,11957.87
2543,25198.56
2544,23317.44
2545,5076.11
2546,54684.0
2547,4755.67
2548,2134.7
2549,39662.66
2550,5880.93
2551,4873.13
2552,6508.23
2553,6939.94
2554,44269.58
2555,67158.48
2556,7722.73
2557,6532.95
2558,2140.16
2559,3138.04
2560,7062.13
2561,6929.37
2562,5702.48
2563,12836.57
2564,4254.71
2565,14676.25
2566,13631.95
2567,3487.87
2568,7410.56
2569,7753.6
2570,47599.98
2571,59000.81
2572,2124.0
2573,2588.83
2574,52833.11
2575,4573.56
2576,46109.62
2577,67348.02
2578,7849.4
2579,3486.29
2580,68008.77
2581,53413.54
2582,55623.33
2583,47342.0
2584,6055.55
2585,5974.02
2586,5092.95
2587,59232.43
2588,5275.97
2589,5106.23
2590,6027.11
2591,3619.18
2592,3487.27
2593,6584.94
2594,43310.3
2595,10331.51
2596,42143.65
2597,12519.37
2598,62040.52
2599,4887.75
2600,70606.59
2601,10836.07
2602,3925.56
2603,68753.21
2604,4439.29
2605,14989.99
2606,58211.86
2607,6678.77
2608,5644.58
2609,4541.82
2610,4375.12
2611,9435.12
2612,11708.48
2613,2795.99
2614,5951.1
2615,43952.2
2616,7669.76
2617,5204.95
2618,67777.45
2619,14038.07
2620,9387.38
2621,2565.09
2622,4004.0
2623,6767.68
2624,56060.86
2625,57150.03
2626,5668.73
2627,65351.92
2628,53529.13
2629,55070.13
2630,6709.02
2631,5460.55
2632,3711.62
2633,53178.78
2634,9760.19
2635,3164.19
2636,3903.79
2637,6613.55
2638,63066.9
2639,11673.42
2640,6248.66
2641,4040.27
2642,56761.31
2643,43844.77
2644,3953.33
2645,4021.38
2646,2467.24
2647,32872.41
2648,8504.06
2649,6416.63
2650,57864.16
2651,56074.67
2652,2310.2
2653,5495.22
2654,3894.03
2655,4689.99
2656,4918.62
2657,52392.74
2658,58724.43
2659,52230.94
2660,49723.88
2661,62987.14
2662,2040.71
2663,59122.22
2664,7692.59
2665,5450.97
2666,44841.53
2667,54536.41
2668,54684.0
2669,61647.2
2670,3112.32
2671,12849.17
2672,6129.83
2673,9756.42
2674,4824.85
2675,7365.48
2676,7235.73
2677,2409.29
2678,2926.78
2679,2286.29
2680,5409.12
2681,5338.05
2682,7097.37
2683,3096.18
2684,5951.51
2685,4752.2
2686,6215.47
2687,62147.44
2688,59687.46
2689,13796.55
2690,12937.49
2691,23670.36
2692,4426.79
2693,6109.63
2694,2351.04
2695,9687.11
2696,2758.34
2697,6901.34
2698,11564.82
2699,61115.54
2700,51594.1
2701,46321.42
2702,3099.13
2703,6802.53
2704,4500.06
2705,13576.64
2706,5869.51
2707,38339.81
2708,50118.64
2709,6131.82
2710,52247.42
2711,4858.72
2712,5330.2
2713,4601.03
2714,56618.95
2715,5835.87
2716,4776.45
2717,62687.2
2718,4389.93
2719,6411.04
2720,6246.37
2721,2410.0
2722,10926.0
2723,70341.12
2724,15615.52
2725,3067.51
2726,2737.55
2727,6481.06
2728,4722.01
2729,2455.4
2730,10446.9
2731,55377.0
2732,1967.98
2733,5753.19
2734,50181.35
2735,4700.82
2736,6968.99
2737,49613.0
2738,4623.18
2739,60181.41
2740,5209.73
2741,8155.77
2742,6713.53
2743,70702.8
2744,6322.8
2745,54608.0
2746,6453.63
2747,4230.77
2748,57747.72
2749,5500.04
2750,10919.9
2751,57264.04
2752,6606.38
2753,66724.03
2754,5459.91
2755,5886.28
2756,5961.55
2757,62028.2
2758,3133.14
2759,42877.38
2760,5263.2
2761,52591.81
2762,16027.71
2763,6485.55
2764,57496.94
2765,12566.17
2766,9425.57
2767,6405.76
2768,61147.77
2769,10475.34
2770,55268.14
2771,3363.83
2772,2725.32
2773,3471.06
2774,2721.58
2775,10930.08
2776,8452.5
2777,9405.62
2778,11582.33
2779,8530.25
2780,53815.32
2781,39631.37
2782,21964.22
2783,7178.5
2784,11976.87
2785,6657.52
2786,3870.8
2787,6839.66
2788,6554.19
2789,6304.06
2790,3166.91
2791,2281.94
2792,1834.2
2793,47353.08
2794,4501.57
2795,52493.49
2796,8308.13
2797,13080.38
2798,5826.25
2799,50664.22
2800,6201.74
2801,5629.13
2802,4189.47
2803,28252.38
2804,2604.34
2805,6146.64
2806,62205.62
2807,63040.76
2808,4647.39
2809,51408.71
2810,6212.35
2811,4423.42
2812,6004.06
2813,12649.09
2814,1776.32
2815,6276.66
2816,6792.24
2817,6986.07
2818,5525.51
2819,2854.97
2820,3579.96
2821,7557.61
2822,5230.16
2823,4195.9
2824,5927.3
2825,2497.08
2826,6977.87
2827,4907.83
2828,54013.46
2829,9554.54
2830,5019.2
2831,4584.42
2832,6437.77
2833,4450.71
2834,5283.67
2835,9486.15
2836,1792.5
2837,7234.08
2838,52543.95
2839,57771.28
2840,5754.1
2841,41779.14
2842,46492.15
2843,52040.31
2844,57160.66
2845,2646.94
2846,5128.85
2847,22140.12
2848,7097.47
2849,2492.54
2850,46214.29
2851,4946.92
2852,6302.45
2853,50534.65
2854,58506.69
2855,13541.79
2856,8461.39
2857,51595.0
2858,5186.81
2859,17929.42
2860,6279.58
2861,4436.59
2862,7313.99
2863,4276.06
2864,60171.39
2865,2855.12
2866,2961.22
2867,5427.75
2868,13060.7
2869,53152.0
2870,11357.45
2871,44589.91
2872,55216.95
2873,9968.93
2874,13235.04
2875,6050.53
2876,5949.0
2877,5526.4
2878,7984.37
2879,11217.28
2880,35368.04
2881,2835.44
2882,52825.93
2883,45489.3
2884,8314.54
2885,3699.88
2886,43699.55
2887,6990.35
2888,24072.38
2889,3094.08
2890,1862.28
2891,5496.5
2892,41202.44
2893,5981.54
2894,4287.39
2895,7690.8
2896,13973.1
2897,5924.72
2898,3119.66
2899,11524.97
2900,6175.64
2901,4444.83
2902,56892.78
2903,13205.4
2904,52144.5
2905,5366.3
2906,54560.19
2907,6228.07
2908,47898.5
2909,45467.41
2910,8493.48
2911,6646.92
2912,5740.55
2913,5281.88
2914,56829.38
2915,5579.53
2916,5268.92
2917,5035.19
2918,7220.05
2919,57759.36
2920,12271.01
2921,3055.51
2922,7685.35
2923,14190.97
2924,40882.89
2925,14284.14
2926,7620.78
2927,5192.5
2928,5582.03
2929,41181.62
2930,9789.84
2931,15988.08
2932,5488.34
2933,68985.26
2934,14595.07
2935,58387.45
2936,47597.94
2937,8940.09
2938,6603.04
2939,5800.29
2940,4403.07
2941,56521.47
2942,6147.63
2943,6275.07
2944,2473.55
2945,16227.0
2946,67802.6
2947,11531.48
2948,40672.99
2949,4234.64
2950,5732.17
2951,6199.33
2952,6890.53
2953,54608.0
2954,17435.76
2955,48348.28
2956,12016.58
2957,6167.56
2958,4730.97
2959,6665.67
2960,6380.85
2961,3803.3
2962,3067.95
2963,10883.11
2964,7912.03
2965,42915.55
2966,4374.08
2967,4655.91
2968,52126.61
2969,4920.62
2970,17853.32
2971,6069.36
2972,8109.39
2973,2356.61
2974,7489.2
2975,46417.18
2976,54684.0
2977,16241.41
2978,4888.14
2979,6134.17
2980,5940.71
2981,6145.26
2982,52069.45
2983,11496.46
2984,54608.0
2985,5847.15
2986,6214.24
2987,7254.93
2988,64363.03
2989,12410.635
2990,3669.89
2991,72215.75
2992,45934.75
2993,1888.98
2994,4452.99
2995,3129.57
2996,46218.26
2997,5964.21
2998,45038.7
2999,5949.0
3000,5771.76
3001,4874.7
3002,60374.77
3003,3264.3
3004,6048.37
3005,2833.42
3006,44827.73
3007,7423.28
3008,54964.06
3009,7210.0
3010,65305.1
3011,6203.94
3012,5327.0
3013,2632.46
3014,38544.79
3015,41450.27
3016,42778.4
3017,72111.82
3018,58548.0
3019,7599.86
3020,3403.68
3021,4909.07
3022,4258.81
3023,2823.29
3024,6887.67
3025,5358.53
3026,6894.69
3027,59149.94
3028,5239.46
3029,6505.08
3030,5463.83
3031,4021.31
3032,6248.82
3033,60569.88
3034,6026.41
3035,46662.07
3036,4261.28
3037,5889.38
3038,4841.42
3039,16357.46
3040,53737.46
3041,5720.2
3042,12851.17
3043,4247.73
3044,4057.82
3045,6914.33
3046,4280.56
3047,61040.22
3048,9064.72
3049,64514.13
3050,2115.74
3051,47598.44
3052,54320.43
3053,6718.09
3054,54684.0
3055,52687.56
3056,3699.87
3057,7135.9
3058,60467.68
3059,2272.52
3060,4126.91
3061,56888.84
3062,4388.98
3063,2839.76
3064,12098.6
3065,6379.73
3066,23071.36
3067,4541.6
3068,2228.77
3069,6284.66
3070,8728.57
3071,5977.73
3072,53192.87
3073,6105.36
3074,2547.01
3075,5236.65
3076,42319.18
3077,10323.81
3078,3940.33
3079,2329.24
3080,3398.68
3081,63663.97
3082,14129.34
3083,11568.26
3084,6622.33
3085,11953.07
3086,11193.61
3087,10297.26
3088,4489.9
3089,4423.35
3090,7612.24
3091,3572.12
3092,6746.27
3093,6134.85
3094,6652.82
3095,4363.27
3096,6866.8
3097,5488.99
3098,54684.0
3099,6049.81
3100,5967.92
3101,56924.92
3102,31124.26
3103,5555.35
3104,8093.92
3105,7168.4
3106,20239.465
3107,52511.96
3108,44589.5
3109,7037.17
3110,58871.59
3111,47730.62
3112,5846.28
3113,5399.91
3114,2416.11
3115,50041.52
3116,4119.59
3117,9163.69
3118,4239.34
3119,9480.7
3120,60508.0
3121,62983.26
3122,56546.97
3123,2769.91
3124,64316.55
3125,34008.73
3126,4195.18
3127,5673.23
3128,56867.51
3129,56802.96
3130,2201.0
3131,7352.29
3132,13580.21
3133,4378.55
3134,2356.73
3135,6676.33
3136,64624.25
3137,57990.82
3138,7018.17
3139,4974.01
3140,46662.61
3141,4488.12
3142,50271.0
3143,51595.0
3144,4894.47
3145,12288.34
3146,52096.13
3147,2787.27
3148,4080.72
3149,7073.83
3150,1772.7
3151,59431.37
3152,6683.18
3153,14150.06
3154,56377.78
3155,6471.037428571428
3156,5304.08
3157,5488.89
3158,5045.21
3159,5331.76
3160,11463.7
3161,3997.91
3162,45585.77
3163,81670.77
3164,6972.91
3165,13992.04
3166,5955.3
3167,1916.11
3168,38638.57
3169,7037.99
3170,7196.51
3171,5260.0
3172,12964.86
3173,10912.79
3174,5940.14
3175,5949.0
3176,6443.56
3177,4284.17
3178,3588.07
3179,5983.29
3180,9220.34
3181,64460.33
3182,48360.86
3183,20203.69
3184,2282.34
3185,4044.41
3186,4667.63
3187,4418.36
3188,7295.29
3189,4390.16
3190,5879.71
3191,50978.92
3192,63291.19
3193,42975.03
3194,61158.3
3195,53306.6
3196,7034.77
3197,5038.43
3198,39326.29
3199,73011.76
3200,64769.77
3201,9871.35
3202,5761.94
3203,9086.33
3204,12812.54
3205,30920.2
3206,5673.23
3207,67022.68
3208,4698.7
3209,78696.16
3210,6624.53
3211,6081.93
3212,4514.44
3213,4803.98
3214,6037.3
3215,54904.88
3216,4406.85
3217,24714.72
3218,6243.84
3219,4695.21
3220,36788.88
3221,47164.87
3222,3972.99
3223,52537.05
3224,5625.89
3225,5242.32
3226,61165.7
3227,6071.06
3228,4111.0
3229,4720.26
3230,7946.21
3231,8209.0
3232,4490.92
3233,8484.43
3234,4516.48
3235,12407.25
3236,2596.2
3237,4286.31
3238,5137.39
3239,1813.8
3240,4688.91
3241,3783.69
3242,5897.63
3243,5426.5
3244,62346.55
3245,38902.28
3246,54608.0
3247,59973.53
3248,5450.19
3249,10140.22
3250,9889.98
3251,57655.44
3252,5844.82
3253,71345.32
3254,6035.13
3255,4367.94
3256,5951.52
3257,71210.55
3258,54671.7
3259,6138.36
3260,5103.43
3261,34375.04
3262,2762.11
3263,5999.72
3264,12841.02
3265,3881.87
3266,3411.51
3267,2774.97
3268,6113.56
3269,2370.42
3270,6925.29
3271,2588.68
3272,14815.55
3273,5897.03
3274,5647.26
3275,5936.98
3276,23937.52
3277,2842.4
3278,56957.64
3279,52090.07
3280,6399.06
3281,5949.0
3282,5946.11
3283,7315.65
3284,4500.04
3285,5406.89
3286,5387.37
3287,12339.78
3288,4159.86
3289,11745.94
3290,7583.63
3291,46767.08
3292,11943.86
3293,11143.47
3294,54993.44
3295,60306.66
3296,53084.87
3297,4698.74
3298,6346.49
3299,4651.67
3300,4096.64
3301,13224.96
3302,7510.6
3303,56750.65
3304,3972.48
3305,4482.45
3306,4402.23
3307,5540.68
3308,44861.24
3309,4526.42
3310,40321.78
3311,5094.95
3312,39633.2
3313,14046.05
3314,5288.77
3315,5234.85
3316,28177.3
3317,6370.77
3318,10645.24
3319,56514.04
3320,5385.05
3321,2527.08
3322,5192.98
3323,4130.18
3324,2801.08
3325,7551.79
3326,3334.12
3327,47408.09
3328,13532.6825
3329,4071.7
3330,6974.21
3331,12548.85
3332,3007.05
3333,6867.35
3334,7606.99
3335,54684.0
3336,59404.0
3337,13210.86
3338,4221.85
3339,62165.55
3340,5082.85
3341,9560.25
3342,4826.46
3343,2129.25
3344,2329.87
3345,43018.17
3346,56786.74
3347,11946.56
3348,3926.09
3349,67390.1
3350,57013.78
3351,3838.99
3352,6484.31
3353,5954.32
3354,4842.49
3355,9126.04
3356,6651.56
3357,6434.07
3358,11520.72
3359,2880.89
3360,56098.17
3361,39747.48
3362,4511.56
3363,11300.28
3364,2502.12
3365,5304.65
3366,8109.57
3367,7391.24
3368,13279.69
3369,5471.49
3370,7106.61
3371,3874.15
3372,1706.98
3373,34072.24
3374,7362.95
3375,56502.7
3376,50828.98
3377,9788.95
3378,4504.93
3379,55089.77
3380,56766.5
3381,5945.94
3382,2432.02
3383,9051.73
3384,2591.66
3385,3080.48
3386,65127.94
3387,5614.62
3388,13570.52
3389,8360.2
3390,4532.11
3391,69315.76
3392,35969.46
3393,42996.53
3394,63923.38
3395,56893.09
3396,57343.23
3397,2918.69
3398,2885.31
3399,51287.9
3400,5502.77
3401,62092.19
3402,58552.7
3403,8274.33
3404,14775.87
3405,19276.78
3406,5447.53
3407,15897.435
3408,5442.03
3409,7859.72
3410,56005.9
3411,4290.88
3412,9264.5
3413,2339.0
3414,2216.06
3415,47009.27
3416,8442.13
3417,52242.54
3418,67057.25
3419,5360.52
3420,5572.45
3421,5659.64
3422,16599.3
3423,4300.71
3424,8332.97
3425,55440.69
3426,22378.2
3427,18918.79
3428,56987.22
3429,6369.61
3430,52543.21
3431,3121.05
3432,4400.02
3433,3457.22
3434,5681.93
3435,4236.56
3436,11896.98
3437,60817.97
3438,12059.4
3439,5161.67
3440,4823.14
3441,5910.83
3442,11090.42
3443,55134.16
3444,5123.24
3445,9477.9
3446,45418.79
3447,6080.48
3448,6213.8
3449,56574.22
3450,4724.87
3451,6522.19
3452,4198.48
3453,47991.02
3454,3425.65
3455,12845.95
3456,52890.8
3457,48000.33
3458,13335.295
3459,54704.6
3460,51711.43
3461,2617.5
3462,6241.26
3463,2734.93
3464,5540.56
3465,60529.27
3466,4383.07
3467,4584.78
3468,45107.86
3469,62855.78
3470,1859.5
3471,46735.26
3472,68065.27
3473,57364.6
3474,55653.37
3475,22150.8
3476,14145.36
3477,5214.08
3478,12165.14
3479,61279.35
3480,4104.17
3481,4819.51
3482,42204.78
3483,42589.82
3484,27946.24
3485,62739.51
3486,6128.61
3487,11891.48
3488,17246.71
3489,5487.42
3490,38874.8
3491,5926.85
3492,11990.96
3493,34443.62
3494,2989.59
3495,8879.7
3496,15882.85
3497,7402.84
3498,7306.51
3499,6041.29
3500,4767.95
3501,12910.27
3502,62966.3
3503,43542.45
3504,14889.5
3505,60260.0
3506,13062.87
3507,6244.17
3508,5257.3
3509,3118.95
3510,57281.78
3511,3596.5
3512,61530.07
3513,4770.84
3514,47880.63
3515,10551.8
3516,2638.51
3517,12342.495
3518,11462.99
3519,7616.17
3520,6196.47
3521,19030.81
3522,5839.84
3523,5127.83
3524,2403.41
3525,5586.86
3526,5806.85
3527,45805.0
3528,4312.59
3529,4162.48
3530,5444.3
3531,3824.95
3532,8963.56
3533,7738.27
3534,3257.87
3535,45155.01
3536,42515.98
3537,4596.39
3538,5089.77
3539,5878.92
3540,4745.49
3541,3200.19
3542,2058.96
3543,7277.58
3544,2208.56
3545,3991.4
3546,3282.16
3547,4386.17
3548,27358.5
3549,52531.99
3550,51611.46
3551,6404.46
3552,5540.63
3553,3948.48
3554,51234.04
3555,60508.0
3556,4371.13
3557,4713.22
3558,5621.17
3559,9702.36
3560,61689.21
3561,56570.72
3562,7163.24
3563,6036.16
3564,2968.49
3565,13853.98
3566,2542.4
3567,7197.35
3568,3811.25
3569,3118.09
3570,70830.38
3571,2564.77
3572,3951.63
3573,7454.58
3574,11779.37
3575,62605.06
3576,57414.68
3577,12285.6
3578,3906.82
3579,5299.1
3580,42612.35
3581,53744.11
3582,70729.33
3583,22409.99
3584,32821.18
3585,54313.01
3586,3722.97
3587,5532.85
3588,52630.1
3589,54608.0
3590,13451.49
3591,5138.54
3592,54790.22
3593,10527.44
3594,4661.63
3595,7352.05
3596,10757.77
3597,56043.73
3598,7152.72
3599,55656.21
3600,2339.0
3601,3969.3
3602,6369.56
3603,11957.69
3604,7391.9
3605,58986.7
3606,7525.98
3607,38927.41
3608,55548.9
3609,4254.34
3610,5597.76
3611,67957.6
3612,12064.35
3613,4420.7
3614,59199.2
3615,4884.92
3616,10877.15
3617,3939.7
3618,11123.38
3619,7230.73
3620,4417.82
3621,11876.02
3622,47690.15
3623,4681.08
3624,7450.54
3625,60357.56
3626,24833.79
3627,10664.4
3628,5593.71
3629,5076.38
3630,2540.61
3631,4475.09
3632,11037.39
3633,10243.04
3634,7814.78
3635,60923.01
3636,12385.23
3637,1777.11
3638,4123.34
3639,3123.44
3640,3854.96
3641,3457.94
3642,5875.95
3643,63566.23
3644,5271.39
3645,2755.46
3646,5255.37
3647,6609.37
3648,41697.32
3649,56910.54
3650,4419.93
3651,7269.16
3652,52373.91
3653,6184.14
3654,5487.11
3655,10325.14
3656,5800.15
3657,3346.49
3658,58113.94
3659,3573.14
3660,4352.92
3661,58031.16
3662,1855.9
3663,60356.8
3664,6357.47
3665,4594.96
3666,41972.75
3667,8245.74
3668,12584.12
3669,5172.12
3670,13537.85
3671,2911.12
3672,46109.62
3673,54001.77
3674,3566.05
3675,11851.51
3676,7217.88
3677,3353.84
3678,7624.91
3679,3060.28
3680,3570.6
3681,64982.55
3682,59322.96
3683,6574.41
3684,39709.04
3685,50067.44
3686,3541.6
3687,4044.8
3688,41154.44
3689,62515.88
3690,4801.31
3691,5584.53
3692,6320.87
3693,8682.16
3694,75450.2
3695,6044.91
3696,3896.25
3697,4711.94
3698,73102.56
3699,58091.67
3700,2334.89
3701,16361.576666666666
3702,5848.27
3703,1770.16
3704,4845.06
3705,5302.49
3706,15217.37
3707,7649.34
3708,4493.12
3709,8228.03
3710,33314.09
3711,55285.75
3712,55368.04
3713,13737.65
3714,2601.65
3715,6617.92
3716,4477.95
3717,7681.36
3718,12200.05
3719,3994.26
3720,24657.6
3721,4267.57
3722,4292.36
3723,6170.38
3724,4108.21
3725,64444.25
3726,62026.96
3727,4420.6
3728,55347.33
3729,12260.83
3730,7653.72
3731,6470.07
3732,2697.58
3733,4406.31
3734,4809.87
3735,59417.22
3736,3947.91
3737,12810.31
3738,9273.27
3739,6313.02
3740,54608.0
3741,60508.0
3742,8088.67
3743,8006.07
3744,23783.04
3745,54684.0
3746,9349.45
3747,72674.64
3748,8112.13
3749,6422.52
3750,6782.45
3751,5006.89
3752,53611.88
3753,6230.33
3754,66515.83
3755,4898.51
3756,31625.11
3757,7059.52
3758,6455.33
3759,6152.28
3760,18961.55
3761,4797.62
3762,1889.98
3763,65759.73
3764,51093.44
3765,3825.66
3766,2728.85
3767,2393.62
3768,49674.73
3769,49638.7
3770,4728.8
3771,6511.11
3772,3253.5
3773,6248.18
3774,10876.27
3775,3372.19
3776,7531.13
3777,5151.76
3778,4722.76
3779,5133.75
3780,42462.84
3781,5608.61
3782,12504.8
3783,51465.96
3784,10294.04
3785,14341.5
3786,54684.0
3787,54615.19
3788,55766.58
3789,13729.22
3790,2422.81
3791,4364.83
3792,56697.29
3793,11608.18
3794,36934.88
3795,5114.9
3796,5209.73
3797,12335.87
3798,40288.78
3799,23108.98
3800,5045.48
3801,5748.94
3802,8786.21
3803,28177.3
3804,9763.28
3805,7636.77
3806,7422.68
3807,5877.17
3808,8710.12
3809,5137.44
3810,56364.9
3811,53134.2
3812,55443.51
3813,49124.94
3814,9904.63
3815,5233.05
3816,2184.03
3817,52609.19
3818,44197.13
3819,2347.95
3820,3538.4
3821,7410.77
3822,54608.0
3823,2787.82
3824,33758.42
3825,5953.7
3826,39499.0
3827,42009.46
3828,6880.22
3829,11679.1
3830,11685.56
3831,6676.87
3832,5699.94
3833,5575.92
3834,4874.88
3835,38509.58
3836,4204.34
3837,34191.54
3838,56377.05
3839,8714.82
3840,2106.69
3841,53381.76
3842,62803.37
3843,5348.4
3844,28088.86
3845,58162.93
3846,5370.2
3847,36561.84
3848,6056.25
3849,6102.25
3850,2958.29
3851,3235.01
3852,5912.77
3853,45331.49
3854,7192.72
3855,4829.41
3856,59299.94
3857,6035.55
3858,6454.06
3859,12243.92
3860,5149.21
3861,10269.15
3862,3101.2
3863,51648.76
3864,3684.19
3865,45881.1
3866,25369.02
3867,8757.27
3868,4490.4
3869,24481.71
3870,2831.61
3871,51707.0
3872,4398.52
3873,5611.64
3874,32489.59
3875,7166.78
3876,5955.3
3877,6824.1
3878,6494.44
3879,13548.06
3880,49553.0
3881,9573.13
3882,5109.83
3883,7296.37
3884,6125.05
3885,60260.0
3886,4834.45
3887,27976.0
3888,10761.57
3889,2512.49
3890,4421.66
3891,5049.57
3892,5205.23
3893,6992.19
3894,10408.02
3895,38873.52
3896,1819.45
3897,6362.16
3898,2836.54
3899,4518.56
3900,5570.48
3901,11381.35
3902,4747.59
3903,55425.83
3904,46646.88
3905,58096.58
3906,4648.42
3907,50420.42
3908,60470.71
3909,58086.36
3910,5867.04
3911,3458.55
3912,4061.08
3913,4115.24
3914,5302.35
3915,12739.64
3916,6391.69
3917,6539.05
3918,60456.69
3919,9732.62
3920,67732.44
3921,55015.39
3922,32859.0
3923,4391.97
3924,7236.57
3925,58901.63
3926,6887.38
3927,2430.94
3928,7328.0
3929,5181.42
3930,4237.91
3931,4916.55
3932,5462.71
3933,4113.9
3934,5643.14
3935,4369.66
3936,2195.11
3937,7147.05
3938,8849.34
3939,6456.5
3940,6069.45
3941,5444.81
3942,5521.74
3943,44502.13
3944,54643.17
3945,2807.61
3946,11433.23
3947,7148.48
3948,60998.28
3949,4996.53
3950,7392.48
3951,3596.85
3952,5336.29
3953,9710.09
3954,7034.08
3955,1766.34
3956,52872.48
3957,11111.63
3958,4298.08
3959,6924.37
3960,5167.86
3961,58500.33
3962,6091.47
3963,5531.03
3964,58868.43
3965,6448.34
3966,5306.13
3967,8627.86
3968,5369.47
3969,5260.51
3970,56797.04
3971,2790.4
3972,3543.27
3973,6694.38
3974,9036.66
3975,5337.72
3976,39186.18
3977,41385.96
3978,52107.94
3979,4444.39
3980,55994.07
3981,55350.12
3982,11218.26
3983,44415.17
3984,4009.41
3985,5513.0
3986,26405.3
3987,46776.17
3988,7933.45
3989,24409.22
3990,5456.75
3991,4509.45
3992,2537.54
3993,5080.62
3994,4127.83
3995,3581.11
3996,2615.45
3997,55407.53
3998,7641.23
3999,4876.73
4000,61296.7
4001,50761.85
4002,73155.73
4003,6317.67
4004,11219.75
4005,4463.7
4006,3356.54
4007,13995.78
4008,7496.72
4009,4503.06
4010,8748.53
4011,6835.82
4012,67247.66
4013,4306.05
4014,53967.9
4015,9444.8
4016,5947.93
4017,4820.5
4018,32937.09
4019,5081.25
4020,58543.27
4021,4259.16
4022,56688.67
4023,5653.53
4024,5976.24
4025,71742.87
4026,13822.97
4027,6720.82
4028,42767.4
4029,54604.0
4030,54937.9
4031,12592.24
4032,43124.19
4033,2433.5
4034,3639.17
4035,53664.29
4036,2307.49
4037,11046.8
4038,54929.27
4039,5782.81
4040,10739.44
4041,4387.64
4042,3665.65
4043,5838.41
4044,16515.22
4045,6066.3
4046,7181.37
4047,6085.1
4048,6848.93
4049,4204.23
4050,5635.69
4051,23338.74
4052,46188.94
4053,38241.61
4054,4078.07
4055,9953.39
4056,6216.19
4057,2901.0
4058,4564.92
4059,37927.42
4060,7476.21
4061,7159.37
4062,72471.34
4063,5522.11
4064,4432.94
4065,45744.17
4066,9508.03
4067,2516.08
4068,4997.94
4069,1884.6
4070,11325.61
4071,54937.88
4072,58651.29
4073,3205.6
4074,4921.96
4075,14217.18
4076,10898.18
4077,11356.01
4078,47381.29
4079,4404.13
4080,5374.48
4081,11357.11
4082,11148.27
4083,3184.76
4084,4515.85
4085,54608.0
4086,3831.61
4087,11309.97
4088,5974.79
4089,72737.46
4090,6857.36
4091,6630.49
4092,7612.9
4093,7828.27
4094,5195.68
4095,4376.74
4096,53138.1
4097,5711.22
4098,57997.63
4099,57163.21
4100,45950.0
4101,3782.06
4102,3887.43
4103,4118.83
4104,8705.92
4105,69530.21
4106,53810.13
4107,12231.36
4108,8344.8
4109,46071.25
4110,5657.57
4111,80984.01
4112,6807.88
4113,5956.41
4114,15471.27
4115,6296.07
4116,5119.79
4117,62981.02
4118,14811.47
4119,38046.52
4120,4926.02
4121,51336.84
4122,12052.73
4123,54744.74
4124,4023.39
4125,3926.76
4126,2954.06
4127,57735.85
4128,1372.89
4129,8843.4
4130,69581.48
4131,6403.74
4132,45758.08
4133,56147.53
4134,46274.73
4135,4579.65
4136,2078.31
4137,64707.8
4138,56486.57
4139,3433.52
4140,56249.68
4141,4708.3
4142,7080.12
4143,60356.8
4144,6713.18
4145,11237.78
4146,10165.56
4147,4563.64
4148,7580.22
4149,5498.12
4150,4303.83
4151,5197.82
4152,56711.39
4153,6189.66
4154,2385.47
4155,1792.65
4156,8033.41
4157,6282.81
4158,4534.19
4159,7489.0
4160,7572.39
4161,5506.0
4162,3488.36
4163,52465.44
4164,14719.87
4165,6752.3
4166,54244.62
4167,2550.93
4168,4597.01
4169,2108.21
4170,10249.47
4171,4682.25
4172,75739.44
4173,11095.15
4174,5964.45
4175,5284.88
4176,58377.84
4177,67530.75
4178,6914.58
4179,3824.22
4180,10828.19
4181,41064.0
4182,64263.85
4183,5962.15
4184,44625.38
4185,59509.56
4186,3986.77
4187,9688.94
4188,6577.76
4189,4133.29
4190,61551.14
4191,46201.37
4192,3379.6
4193,58023.9
4194,59024.26
4195,60236.22
4196,4713.46
4197,7780.63
4198,2562.07
4199,58706.4
4200,2713.93
4201,52232.22
4202,22152.0
4203,7080.84
4204,6327.45
4205,5534.06
4206,5231.13
4207,32972.54
4208,4553.35
4209,14771.52
4210,41031.3
4211,4094.47
4212,5542.22
4213,7778.63
4214,5223.25
4215,7335.21
4216,49630.28
4217,11282.69
4218,6789.45
4219,7195.79
4220,12490.8
4221,4863.98
4222,4060.52
4223,65033.03
4224,4997.82
4225,7635.98
4226,45693.0
4227,58014.78
4228,3355.48
4229,46121.23
4230,4769.73
4231,58052.47
4232,5799.24
4233,4858.66
4234,11449.55
4235,52860.23
4236,5997.85
4237,10873.78
4238,5607.87
4239,54742.24
4240,11769.15
4241,10637.11
4242,2858.49
4243,4843.7
4244,5954.28
4245,6147.36
4246,3441.27
4247,6995.88
4248,5727.19
4249,3398.27
4250,57466.69
4251,11409.19
4252,6448.9
4253,3713.79
4254,41468.72
4255,2800.31
4256,4383.86
4257,4393.01
4258,5572.72
4259,69130.37
4260,57650.66
4261,2457.29
4262,4258.43
4263,49553.0
4264,2911.58
4265,5151.0
4266,6145.43
4267,41979.23
4268,38938.84
4269,76288.67
4270,11080.88
4271,24358.56
4272,4172.91
4273,2579.26
4274,3959.39
4275,7388.54
4276,5163.36
4277,4517.26
4278,12717.89
4279,49167.34
4280,5380.54
4281,5106.38
4282,6254.75
4283,11094.36
4284,59656.36
4285,6375.68
4286,1555.03
4287,9241.6
4288,56521.47
4289,54146.11
4290,12799.06
4291,8061.62
4292,5194.02
4293,31545.69
4294,5509.53
4295,6655.49
4296,51648.76
4297,17720.19
4298,46389.51
4299,55868.29
4300,48126.61
4301,65752.35
4302,5116.29
4303,19568.59
4304,50418.36
4305,7261.44
4306,82777.57
4307,6176.32
4308,2521.13
4309,58039.37
4310,43858.9
4311,53054.81
4312,28135.61
4313,51871.37
4314,6079.72
4315,59953.19
4316,6079.8
4317,67822.77
4318,55359.08
4319,4001.47
4320,5351.06
4321,7730.34
4322,17281.74
4323,11488.01
4324,64302.92
4325,6733.83
4326,5837.21
4327,6003.91
4328,49656.96
4329,63945.42
4330,5478.11
4331,7189.02
4332,7048.48
4333,44665.72
4334,7143.65
4335,2934.52
4336,76536.43
4337,3716.17
4338,2339.0
4339,59667.12
4340,6540.93
4341,44042.27
4342,4510.54
4343,55062.76
4344,61059.01
4345,5914.51
4346,5880.49
4347,5898.19
4348,3496.61
4349,12326.71
4350,60573.74
4351,5853.23
4352,4444.76
4353,67790.16
4354,4019.23
4355,10937.2
4356,47579.38
4357,49726.86
4358,3646.65
4359,13170.72
4360,4299.62
4361,49052.51
4362,44519.42
4363,4559.76
4364,46746.91
4365,70658.87
4366,64979.19
4367,41191.04
4368,5654.9
4369,46023.95
4370,1290.1
4371,7202.86
4372,62100.19
4373,5745.46
4374,8026.4
4375,58972.33
4376,4413.63
4377,11794.83
4378,32859.0
4379,70427.33
4380,3524.3
4381,60297.27
4382,11516.43
4383,1516.6
4384,69142.35
4385,4213.48
4386,5657.4
4387,4491.79
4388,6462.84
4389,4272.28
4390,11526.88
4391,4227.48
4392,5077.3
4393,6892.23
4394,5962.15
4395,4686.34
4396,61044.84
4397,51709.89
4398,38306.85
4399,69109.09
4400,4549.65
4401,17059.44
4402,62905.1
4403,5121.13
4404,6478.72
4405,1859.16
4406,56648.28
4407,58062.99
4408,5760.14
4409,4097.99
4410,6478.57
4411,4723.42
4412,3917.16
4413,47146.78
4414,4109.63
4415,5047.59
4416,6620.4
4417,56606.99
4418,4799.65
4419,57693.4
4420,51146.64
4421,6575.84
4422,59364.12
4423,5955.3
4424,5328.72
4425,4105.56
4426,42683.78
4427,2287.58
4428,6955.12
4429,6159.52
4430,49568.23
4431,10117.47
4432,10098.77
4433,6662.79
4434,53810.8
4435,35798.76
4436,3100.23
4437,3196.68
4438,4503.78
4439,6152.59
4440,5736.45
4441,5953.7
4442,14354.28
4443,17262.94
4444,3847.47
4445,40083.13
4446,4500.0
4447,12079.11
4448,3425.71
4449,3982.06
4450,41161.08
4451,5399.24
4452,10841.75
4453,4833.61
4454,9115.05
4455,6050.11
4456,3349.15
4457,6198.75
4458,46556.27
4459,6504.01
4460,5912.24
4461,11971.7
4462,5104.38
4463,7020.68
4464,6264.2
4465,5648.88
4466,9975.35
4467,52145.07
4468,23158.3
4469,10984.15
4470,2809.71
4471,45195.88
4472,6835.59
4473,4763.01
4474,4777.57
4475,45785.45
4476,9080.42
4477,71045.16
4478,4962.26
4479,3235.11
4480,5107.91
4481,59634.1
4482,5597.83
4483,2481.77
4484,31370.52
4485,49853.82
4486,3722.33
4487,11578.28
4488,3009.67
4489,3894.22
4490,46109.26
4491,46356.64
4492,55232.44
4493,7532.3
4494,53774.22
4495,8039.98
4496,51570.18
4497,74710.98
4498,22223.52
4499,56899.94
4500,57634.55
4501,7759.29
4502,6985.6
4503,9346.07
4504,3995.68
4505,11594.02
4506,56606.57
4507,4439.23
4508,5632.87
4509,56867.51
4510,52769.16
4511,4109.74
4512,5400.78
4513,6345.48
4514,4842.69
4515,27535.58
4516,6126.32
4517,64341.22
4518,4934.38
4519,6594.07
4520,6277.17
4521,13941.88
4522,6292.03
4523,5414.63
4524,11084.97
4525,5750.72
4526,5434.0
4527,5109.94
4528,14772.82
4529,3581.91
4530,2208.73
4531,4055.98
4532,12370.54
4533,56221.44
4534,8716.79
4535,55152.99
4536,58372.66
4537,4363.64
4538,3997.01
4539,5200.31
4540,5368.23
4541,6526.71
4542,12135.09
4543,54207.05
4544,28171.01
4545,6973.51
4546,44281.76
4547,54608.0
4548,66212.03
4549,5032.58
4550,5398.64
4551,4078.9
4552,6297.14
4553,11877.75
4554,24299.74
4555,8968.09
4556,51595.0
4557,13123.28
4558,13102.39
4559,39776.95
4560,67976.33
4561,7401.63
4562,4307.425
4563,8471.88
4564,4084.99
4565,40250.52
4566,5810.57
4567,11370.37
4568,4618.15
4569,4270.42
4570,4046.36
4571,6293.74
4572,6523.5
4573,6409.05
4574,2502.79
4575,6261.89
4576,6171.79
4577,5955.85
4578,5792.8
4579,1813.8
4580,7829.46
4581,4731.01
4582,53857.27
4583,4008.66
4584,53359.44
4585,2786.2
4586,3219.87
4587,10883.81
4588,54516.34
4589,3870.63
4590,49882.7
4591,10313.71
4592,11164.62
4593,3373.61
4594,38441.52
4595,3264.33
4596,5250.38
4597,7877.22
4598,4190.76
4599,2495.14
4600,6451.32
4601,44799.03
4602,12954.38
4603,55507.95
4604,6008.9
4605,40470.26
4606,7541.38
4607,2954.51
4608,5980.1
4609,4139.63
4610,6767.53
4611,48327.12
4612,66667.77
4613,3999.0
4614,1711.08
4615,56613.47
4616,2225.77
4617,3256.77
4618,4409.4
4619,46108.3
4620,2443.33
4621,8946.93
4622,2907.64
4623,1961.61
4624,8749.98
4625,13775.91
4626,8835.98
4627,40234.44
4628,3196.83
4629,6232.05
4630,10250.24
4631,5488.9
4632,8513.59
4633,68607.52
4634,51546.91
4635,7108.2
4636,53255.62
4637,10820.2
4638,12817.47
4639,36776.57
4640,3317.03
4641,5427.2
4642,8123.7
4643,50839.9
4644,10521.67
4645,3401.37
4646,9498.21
4647,52369.21
4648,2500.04
4649,68137.99
4650,54985.03
4651,12135.87
4652,4031.69
4653,12192.93
4654,48211.16
4655,11046.48
4656,56451.23
4657,61128.6
4658,11648.45
4659,5073.161428571429
4660,56730.85
4661,5264.73
4662,69259.84
4663,14792.99
4664,54104.35
4665,56229.02
4666,4813.69
4667,6655.83
4668,15772.52
4669,5497.28
4670,11292.94
4671,59527.9
4672,9565.38
4673,53793.37
4674,5011.61
4675,55606.79
4676,3254.24
4677,56077.19
4678,42191.13
4679,72360.32
4680,6247.94
4681,5318.62
4682,22682.42
4683,15181.46
4684,56253.91
4685,51751.8
4686,6241.26
4687,44232.78
4688,5166.95
4689,61938.46
4690,8786.17
4691,13977.69
4692,6362.42
4693,52059.15
4694,6351.34
4695,59088.97
4696,6440.99
4697,52035.85
4698,21034.68
4699,23053.78
4700,61644.43
4701,6831.58
4702,6205.23
4703,4227.54
4704,12600.28
4705,8433.23
4706,6846.96
4707,5187.15
4708,2123.5
4709,56850.93
4710,2635.34
4711,3976.0
4712,6768.06
4713,13039.63
4714,6130.71
4715,38240.8
4716,7042.1
4717,3782.84
4718,30401.95
4719,33399.21
4720,53237.43
4721,39703.66
4722,15412.36
4723,29313.19
4724,35253.33
4725,5723.96
4726,5736.72
4727,6493.34
4728,45883.0
4729,4681.94
4730,51773.07
4731,9120.4
4732,69429.48
4733,52761.04
4734,6805.14
4735,54717.51
4736,5339.63
4737,5738.78
4738,51256.9
4739,4648.53
4740,8013.0
4741,45805.0
4742,2947.67
4743,2273.84
4744,5185.64
4745,9929.78
4746,4933.12
4747,50967.61
4748,53461.46
4749,44396.72
4750,6170.27
4751,79525.03
4752,12542.6
4753,5804.7
4754,66291.55
4755,6776.88
4756,2934.32
4757,7442.08
4758,6108.78
4759,2229.84
4760,67147.52
4761,5627.5
4762,43017.85
4763,5731.04
4764,4614.13
4765,10902.3
4766,54909.69
4767,61609.66
4768,59546.22
4769,8625.03
4770,6656.78
4771,4462.09
4772,2616.14
4773,9197.71
4774,53458.47
4775,4462.32
4776,4771.08
4777,51008.01
4778,69149.02
4779,42952.84
4780,3857.73
4781,51367.4
4782,5863.87
4783,41941.3
4784,40672.99
4785,34087.12
4786,5367.39
4787,4713.3
4788,46311.04
4789,6447.41
4790,42155.75
4791,55383.06
4792,6604.57
4793,51143.21
4794,6401.51
4795,80657.04
4796,22724.08
4797,45331.66
4798,7977.2
4799,5068.89
4800,5951.46
4801,2979.79
4802,4089.0
4803,6539.63
4804,6171.18
4805,45712.32
4806,6451.58
4807,4472.48
4808,2904.96
4809,2927.34
4810,5408.22
4811,10648.11
4812,46454.09
4813,5960.75
4814,2643.67
4815,18105.9
4816,6696.75
4817,2927.44
4818,3758.7
4819,3727.86
4820,3147.08
4821,43150.15
4822,63351.41
4823,4823.45
4824,10821.02
4825,6510.13
4826,50912.13
4827,7053.32
4828,5585.06
4829,5974.44
4830,5787.11
4831,7109.82
4832,5842.96
4833,39405.58
4834,6024.75
4835,5877.99
4836,23141.32
4837,54707.83
4838,5061.07
4839,6302.71
4840,58132.37
4841,52483.17
4842,5577.42
4843,51716.0
4844,16928.9
4845,57527.38
4846,4927.84
4847,5265.83
4848,2762.03
4849,43469.36
4850,3169.01
4851,3087.42
4852,6442.79
4853,10011.56
4854,16624.2
4855,4199.32
4856,3975.08
4857,6522.11
4858,5465.98
4859,4717.02
4860,54583.63
4861,7358.98
4862,6049.25
4863,7862.4
4864,41558.95
4865,4197.47
4866,5055.71
4867,2760.98
4868,4678.97
4869,5504.64
4870,6177.12
4871,52179.72
4872,6315.86
4873,10548.45
4874,47079.55
4875,51438.01
4876,5644.22
4877,6194.32
4878,2598.66
4879,41971.03
4880,7251.22
4881,13878.94
4882,38620.37
4883,10233.95
4884,53467.59
4885,60398.24
4886,3437.44
4887,2131.62
4888,7834.39
4889,3512.4
4890,1773.04
4891,56476.0
4892,6083.86
4893,14395.74
4894,7788.54
4895,6874.98
4896,6957.11
4897,11529.715
4898,3375.18
4899,43955.5
4900,4811.22
4901,5839.26
4902,9370.8
4903,6442.06
4904,32923.0
4905,4843.64
4906,65754.1
4907,4588.36
4908,62690.39
4909,2203.16
4910,4525.35
4911,4851.59
4912,6318.66
4913,7915.62
4914,5954.98
4915,62746.95
4916,2436.65
4917,50312.89
4918,49812.84
4919,7802.37
4920,2571.3
4921,77814.84
4922,6393.91
4923,71032.13
4924,5976.95
4925,6213.87
4926,31831.33
4927,11747.27
4928,5395.47
4929,5684.3
4930,55598.94
4931,50904.95
4932,5432.15
4933,4569.45
4934,12653.84
4935,7703.34
4936,4872.99
4937,6041.06
4938,5857.83
4939,45890.93
4940,6279.32
4941,4494.7
4942,5258.24
4943,6231.52
4944,66192.8
4945,54373.93
4946,4540.1
4947,32433.94
4948,8991.1
4949,4508.23
4950,4281.9
4951,37985.0
4952,4064.55
4953,49560.21
4954,2405.58
4955,5406.92
4956,5458.71
4957,4174.14
4958,4522.04
4959,6514.0
4960,4414.2
4961,6458.27
4962,12717.89
4963,4725.05
4964,11706.86
4965,4508.93
4966,56585.65
4967,69986.54
4968,3645.99
4969,2977.46
4970,12385.045
4971,5136.66
4972,4080.03
4973,13733.38
4974,7859.17
4975,6668.74
4976,49634.76
4977,6409.96
4978,3894.89
4979,5031.52
4980,45805.0
4981,5367.85
4982,4003.69
4983,12731.25
4984,3673.93
4985,6554.23
4986,5745.58
4987,3797.86
4988,5320.35
4989,49553.0
4990,27982.8
4991,17635.56
4992,54684.0
4993,7936.89
4994,11191.1
4995,5947.28
4996,60820.21
4997,4433.36
4998,50271.0
4999,50557.5
5000,66197.97
